{"timestamp": 1677565374, "temperature": 24.554694904014468, "pressure": 799.1208053017305}