{"system": {"system": "Linux", "node": "ANUX", "release": "5.10.103-v7+", "version": "#1529 SMP Tue Mar 8 12:21:37 GMT 2022"}, "cpu": {"timestamp": 1677854126, "cpu_temp": 38.628, "ram_usage": -46.330421766472256}, "bme680": {"timestamp": 1677854126.1578693, "temperature": 23.39, "humidity": 43.504, "pressure": 846.62, "gas_resistance": 6236.519205649084}, "ina260": {"current": 81.6, "power": 0.0, "voltage": 26.25}, "bmp280": {"timestamp": 1677854126, "temperature": 23.22685484669637, "pressure": 797.5043153635826}}